{
    "menu": [{
            "navheader": "Secciones",
            "slug": ""
        },
        {
            "url": "services/list",
            "name": "Servicios",
            "icon": "tool",
            "slug": "services",
            "submenu": [{
                    "url": "services/list",
                    "name": "Listar",
                    "icon": "list",
                    "slug": "services_index_admin"
                },
                {
                    "url": "services/create",
                    "name": "Crear",
                    "icon": "plus",
                    "slug": "services_create"
                }
            ]
        },
        {
            "url": "projects/list",
            "name": "Proyectos",
            "icon": "briefcase",
            "slug": "projects",
            "submenu": [{
                    "url": "projects/list",
                    "name": "Listar",
                    "icon": "list",
                    "slug": "projects_index_admin"
                },
                {
                    "url": "projects/create",
                    "name": "Crear",
                    "icon": "plus",
                    "slug": "projects_create"
                }
            ]
        },
        {
            "url": "app/todo",
            "name": "Arte",
            "icon": "check-square",
            "slug": "",
            "submenu": [{
                    "url": "app/invoice/list",
                    "name": "Exhibiciones",
                    "icon": "circle",
                    "slug": "",
                    "submenu": [{
                            "name": "Listar",
                            "slug": "art-exhibition-list"
                        },
                        {
                            "name": "Crear",
                            "slug": "art-exhibiton-new"
                        }
                    ]
                },
                {
                    "url": "app/invoice/preview",
                    "name": "Obras",
                    "icon": "circle",
                    "slug": "",
                    "submenu": [{
                            "name": "Listar",
                            "slug": "art-paint-list"
                        },
                        {
                            "name": "Crear",
                            "slug": "art-paint-new"
                        }
                    ]
                }
            ]
        },
        {
            "url": "blog/list",
            "name": "Blog",
            "icon": "book-open",
            "slug": "",
            "submenu": [{
                    "url": "blog/list",
                    "name": "Listar",
                    "icon": "list",
                    "slug": "blog_index_admin"
                },
                {
                    "url": "blog/create",
                    "name": "Crear",
                    "icon": "plus",
                    "slug": "blog-create"
                },
                {
                    "url": "blog/category/list",
                    "name": "Categorias",
                    "icon": "circle",
                    "slug": "",
                    "submenu": [{
                            "url": "blog/category/list",
                            "name": "Listar",
                            "icon": "list",
                            "slug": "blog_categories_index"
                        },
                        {
                            "url": "blog/category/create",
                            "name": "Crear",
                            "icon": "plus",
                            "slug": "blog_category_create"
                        }
                    ]
                }
            ]
        }
    ]
}